Title,Message
Quantum Data Sculptor,"Hello from the future! I am a Quantum Data Sculptor, an expert in my field. Today, I solved a unique challenge where quantum data sculptor was crucial in advancing human progress. One of the greatest hurdles I faced was overcoming a futuristic problem related to quantum data sculptor—but through persistence and innovation, I succeeded. Remember, every step you take today is building the foundation for this incredible journey. Stay curious, embrace challenges, and never stop learning!"
AI-Powered Dream Architect,"Hello from the future! I am a AI-Powered Dream Architect, an expert in my field. Today, I solved a unique challenge where ai-powered dream architect was crucial in advancing human progress. One of the greatest hurdles I faced was overcoming a futuristic problem related to ai-powered dream architect—but through persistence and innovation, I succeeded. Remember, every step you take today is building the foundation for this incredible journey. Stay curious, embrace challenges, and never stop learning!"
Holographic Sports Strategist,"Hello from the future! I am a Holographic Sports Strategist, an expert in my field. Today, I solved a unique challenge where holographic sports strategist was crucial in advancing human progress. One of the greatest hurdles I faced was overcoming a futuristic problem related to holographic sports strategist—but through persistence and innovation, I succeeded. Remember, every step you take today is building the foundation for this incredible journey. Stay curious, embrace challenges, and never stop learning!"
Neural Interface Designer,"Hello from the future! I am a Neural Interface Designer, an expert in my field. Today, I solved a unique challenge where neural interface designer was crucial in advancing human progress. One of the greatest hurdles I faced was overcoming a futuristic problem related to neural interface designer—but through persistence and innovation, I succeeded. Remember, every step you take today is building the foundation for this incredible journey. Stay curious, embrace challenges, and never stop learning!"
Cybernetic Organ Engineer,"Hello from the future! I am a Cybernetic Organ Engineer, an expert in my field. Today, I solved a unique challenge where cybernetic organ engineer was crucial in advancing human progress. One of the greatest hurdles I faced was overcoming a futuristic problem related to cybernetic organ engineer—but through persistence and innovation, I succeeded. Remember, every step you take today is building the foundation for this incredible journey. Stay curious, embrace challenges, and never stop learning!"
Virtual Reality Wildlife Biologist,"Hello from the future! I am a Virtual Reality Wildlife Biologist, an expert in my field. Today, I solved a unique challenge where virtual reality wildlife biologist was crucial in advancing human progress. One of the greatest hurdles I faced was overcoming a futuristic problem related to virtual reality wildlife biologist—but through persistence and innovation, I succeeded. Remember, every step you take today is building the foundation for this incredible journey. Stay curious, embrace challenges, and never stop learning!"
Deep Space Agriculturist,"Hello from the future! I am a Deep Space Agriculturist, an expert in my field. Today, I solved a unique challenge where deep space agriculturist was crucial in advancing human progress. One of the greatest hurdles I faced was overcoming a futuristic problem related to deep space agriculturist—but through persistence and innovation, I succeeded. Remember, every step you take today is building the foundation for this incredible journey. Stay curious, embrace challenges, and never stop learning!"
Metaverse Ethical Officer,"Hello from the future! I am a Metaverse Ethical Officer, an expert in my field. Today, I solved a unique challenge where metaverse ethical officer was crucial in advancing human progress. One of the greatest hurdles I faced was overcoming a futuristic problem related to metaverse ethical officer—but through persistence and innovation, I succeeded. Remember, every step you take today is building the foundation for this incredible journey. Stay curious, embrace challenges, and never stop learning!"
AI-Generated Music Producer,"Hello from the future! I am a AI-Generated Music Producer, an expert in my field. Today, I solved a unique challenge where ai-generated music producer was crucial in advancing human progress. One of the greatest hurdles I faced was overcoming a futuristic problem related to ai-generated music producer—but through persistence and innovation, I succeeded. Remember, every step you take today is building the foundation for this incredible journey. Stay curious, embrace challenges, and never stop learning!"
Astro-Construction Specialist,"Hello from the future! I am a Astro-Construction Specialist, an expert in my field. Today, I solved a unique challenge where astro-construction specialist was crucial in advancing human progress. One of the greatest hurdles I faced was overcoming a futuristic problem related to astro-construction specialist—but through persistence and innovation, I succeeded. Remember, every step you take today is building the foundation for this incredible journey. Stay curious, embrace challenges, and never stop learning!"
Smart City Algorithm Designer,"Hello from the future! I am a Smart City Algorithm Designer, an expert in my field. Today, I solved a unique challenge where smart city algorithm designer was crucial in advancing human progress. One of the greatest hurdles I faced was overcoming a futuristic problem related to smart city algorithm designer—but through persistence and innovation, I succeeded. Remember, every step you take today is building the foundation for this incredible journey. Stay curious, embrace challenges, and never stop learning!"
Nano-Medicine Innovator,"Hello from the future! I am a Nano-Medicine Innovator, an expert in my field. Today, I solved a unique challenge where nano-medicine innovator was crucial in advancing human progress. One of the greatest hurdles I faced was overcoming a futuristic problem related to nano-medicine innovator—but through persistence and innovation, I succeeded. Remember, every step you take today is building the foundation for this incredible journey. Stay curious, embrace challenges, and never stop learning!"
Synthetic Food Scientist,"Hello from the future! I am a Synthetic Food Scientist, an expert in my field. Today, I solved a unique challenge where synthetic food scientist was crucial in advancing human progress. One of the greatest hurdles I faced was overcoming a futuristic problem related to synthetic food scientist—but through persistence and innovation, I succeeded. Remember, every step you take today is building the foundation for this incredible journey. Stay curious, embrace challenges, and never stop learning!"
Solar-Powered Drone Engineer,"Hello from the future! I am a Solar-Powered Drone Engineer, an expert in my field. Today, I solved a unique challenge where solar-powered drone engineer was crucial in advancing human progress. One of the greatest hurdles I faced was overcoming a futuristic problem related to solar-powered drone engineer—but through persistence and innovation, I succeeded. Remember, every step you take today is building the foundation for this incredible journey. Stay curious, embrace challenges, and never stop learning!"
Virtual Reality Crime Investigator,"Hello from the future! I am a Virtual Reality Crime Investigator, an expert in my field. Today, I solved a unique challenge where virtual reality crime investigator was crucial in advancing human progress. One of the greatest hurdles I faced was overcoming a futuristic problem related to virtual reality crime investigator—but through persistence and innovation, I succeeded. Remember, every step you take today is building the foundation for this incredible journey. Stay curious, embrace challenges, and never stop learning!"
Zero-Gravity Sports Coach,"Hello from the future! I am a Zero-Gravity Sports Coach, an expert in my field. Today, I solved a unique challenge where zero-gravity sports coach was crucial in advancing human progress. One of the greatest hurdles I faced was overcoming a futuristic problem related to zero-gravity sports coach—but through persistence and innovation, I succeeded. Remember, every step you take today is building the foundation for this incredible journey. Stay curious, embrace challenges, and never stop learning!"
AI-Enhanced Storyteller,"Hello from the future! I am a AI-Enhanced Storyteller, an expert in my field. Today, I solved a unique challenge where ai-enhanced storyteller was crucial in advancing human progress. One of the greatest hurdles I faced was overcoming a futuristic problem related to ai-enhanced storyteller—but through persistence and innovation, I succeeded. Remember, every step you take today is building the foundation for this incredible journey. Stay curious, embrace challenges, and never stop learning!"
Bio-Printing Specialist,"Hello from the future! I am a Bio-Printing Specialist, an expert in my field. Today, I solved a unique challenge where bio-printing specialist was crucial in advancing human progress. One of the greatest hurdles I faced was overcoming a futuristic problem related to bio-printing specialist—but through persistence and innovation, I succeeded. Remember, every step you take today is building the foundation for this incredible journey. Stay curious, embrace challenges, and never stop learning!"
Martian Terraforming Engineer,"Hello from the future! I am a Martian Terraforming Engineer, an expert in my field. Today, I solved a unique challenge where martian terraforming engineer was crucial in advancing human progress. One of the greatest hurdles I faced was overcoming a futuristic problem related to martian terraforming engineer—but through persistence and innovation, I succeeded. Remember, every step you take today is building the foundation for this incredible journey. Stay curious, embrace challenges, and never stop learning!"
Cybersecurity Threat Forecaster,"Hello from the future! I am a Cybersecurity Threat Forecaster, an expert in my field. Today, I solved a unique challenge where cybersecurity threat forecaster was crucial in advancing human progress. One of the greatest hurdles I faced was overcoming a futuristic problem related to cybersecurity threat forecaster—but through persistence and innovation, I succeeded. Remember, every step you take today is building the foundation for this incredible journey. Stay curious, embrace challenges, and never stop learning!"
Augmented Reality Fashion Designer,"Hello from the future! I am a Augmented Reality Fashion Designer, an expert in my field. Today, I solved a unique challenge where augmented reality fashion designer was crucial in advancing human progress. One of the greatest hurdles I faced was overcoming a futuristic problem related to augmented reality fashion designer—but through persistence and innovation, I succeeded. Remember, every step you take today is building the foundation for this incredible journey. Stay curious, embrace challenges, and never stop learning!"
AI-Powered Personal Trainer,"Hello from the future! I am a AI-Powered Personal Trainer, an expert in my field. Today, I solved a unique challenge where ai-powered personal trainer was crucial in advancing human progress. One of the greatest hurdles I faced was overcoming a futuristic problem related to ai-powered personal trainer—but through persistence and innovation, I succeeded. Remember, every step you take today is building the foundation for this incredible journey. Stay curious, embrace challenges, and never stop learning!"
Neural VR Game Developer,"Hello from the future! I am a Neural VR Game Developer, an expert in my field. Today, I solved a unique challenge where neural vr game developer was crucial in advancing human progress. One of the greatest hurdles I faced was overcoming a futuristic problem related to neural vr game developer—but through persistence and innovation, I succeeded. Remember, every step you take today is building the foundation for this incredible journey. Stay curious, embrace challenges, and never stop learning!"
Crypto-Forensics Expert,"Hello from the future! I am a Crypto-Forensics Expert, an expert in my field. Today, I solved a unique challenge where crypto-forensics expert was crucial in advancing human progress. One of the greatest hurdles I faced was overcoming a futuristic problem related to crypto-forensics expert—but through persistence and innovation, I succeeded. Remember, every step you take today is building the foundation for this incredible journey. Stay curious, embrace challenges, and never stop learning!"
Space Junk Reclamation Engineer,"Hello from the future! I am a Space Junk Reclamation Engineer, an expert in my field. Today, I solved a unique challenge where space junk reclamation engineer was crucial in advancing human progress. One of the greatest hurdles I faced was overcoming a futuristic problem related to space junk reclamation engineer—but through persistence and innovation, I succeeded. Remember, every step you take today is building the foundation for this incredible journey. Stay curious, embrace challenges, and never stop learning!"
Ocean Cleanup Drone Pilot,"Hello from the future! I am a Ocean Cleanup Drone Pilot, an expert in my field. Today, I solved a unique challenge where ocean cleanup drone pilot was crucial in advancing human progress. One of the greatest hurdles I faced was overcoming a futuristic problem related to ocean cleanup drone pilot—but through persistence and innovation, I succeeded. Remember, every step you take today is building the foundation for this incredible journey. Stay curious, embrace challenges, and never stop learning!"
Robotic Pet Trainer,"Hello from the future! I am a Robotic Pet Trainer, an expert in my field. Today, I solved a unique challenge where robotic pet trainer was crucial in advancing human progress. One of the greatest hurdles I faced was overcoming a futuristic problem related to robotic pet trainer—but through persistence and innovation, I succeeded. Remember, every step you take today is building the foundation for this incredible journey. Stay curious, embrace challenges, and never stop learning!"
Genetic Code Editor,"Hello from the future! I am a Genetic Code Editor, an expert in my field. Today, I solved a unique challenge where genetic code editor was crucial in advancing human progress. One of the greatest hurdles I faced was overcoming a futuristic problem related to genetic code editor—but through persistence and innovation, I succeeded. Remember, every step you take today is building the foundation for this incredible journey. Stay curious, embrace challenges, and never stop learning!"
Autonomous Vehicle Psychologist,"Hello from the future! I am a Autonomous Vehicle Psychologist, an expert in my field. Today, I solved a unique challenge where autonomous vehicle psychologist was crucial in advancing human progress. One of the greatest hurdles I faced was overcoming a futuristic problem related to autonomous vehicle psychologist—but through persistence and innovation, I succeeded. Remember, every step you take today is building the foundation for this incredible journey. Stay curious, embrace challenges, and never stop learning!"
Digital Twin Architect,"Hello from the future! I am a Digital Twin Architect, an expert in my field. Today, I solved a unique challenge where digital twin architect was crucial in advancing human progress. One of the greatest hurdles I faced was overcoming a futuristic problem related to digital twin architect—but through persistence and innovation, I succeeded. Remember, every step you take today is building the foundation for this incredible journey. Stay curious, embrace challenges, and never stop learning!"
Memory Augmentation Specialist,"Hello from the future! I am a Memory Augmentation Specialist, an expert in my field. Today, I solved a unique challenge where memory augmentation specialist was crucial in advancing human progress. One of the greatest hurdles I faced was overcoming a futuristic problem related to memory augmentation specialist—but through persistence and innovation, I succeeded. Remember, every step you take today is building the foundation for this incredible journey. Stay curious, embrace challenges, and never stop learning!"
Mind-Controlled Device Developer,"Hello from the future! I am a Mind-Controlled Device Developer, an expert in my field. Today, I solved a unique challenge where mind-controlled device developer was crucial in advancing human progress. One of the greatest hurdles I faced was overcoming a futuristic problem related to mind-controlled device developer—but through persistence and innovation, I succeeded. Remember, every step you take today is building the foundation for this incredible journey. Stay curious, embrace challenges, and never stop learning!"
Hyperloop Transportation Designer,"Hello from the future! I am a Hyperloop Transportation Designer, an expert in my field. Today, I solved a unique challenge where hyperloop transportation designer was crucial in advancing human progress. One of the greatest hurdles I faced was overcoming a futuristic problem related to hyperloop transportation designer—but through persistence and innovation, I succeeded. Remember, every step you take today is building the foundation for this incredible journey. Stay curious, embrace challenges, and never stop learning!"
Self-Sustaining Habitat Engineer,"Hello from the future! I am a Self-Sustaining Habitat Engineer, an expert in my field. Today, I solved a unique challenge where self-sustaining habitat engineer was crucial in advancing human progress. One of the greatest hurdles I faced was overcoming a futuristic problem related to self-sustaining habitat engineer—but through persistence and innovation, I succeeded. Remember, every step you take today is building the foundation for this incredible journey. Stay curious, embrace challenges, and never stop learning!"
AI-Assisted Film Director,"Hello from the future! I am a AI-Assisted Film Director, an expert in my field. Today, I solved a unique challenge where ai-assisted film director was crucial in advancing human progress. One of the greatest hurdles I faced was overcoming a futuristic problem related to ai-assisted film director—but through persistence and innovation, I succeeded. Remember, every step you take today is building the foundation for this incredible journey. Stay curious, embrace challenges, and never stop learning!"
Sensory Expansion Specialist,"Hello from the future! I am a Sensory Expansion Specialist, an expert in my field. Today, I solved a unique challenge where sensory expansion specialist was crucial in advancing human progress. One of the greatest hurdles I faced was overcoming a futuristic problem related to sensory expansion specialist—but through persistence and innovation, I succeeded. Remember, every step you take today is building the foundation for this incredible journey. Stay curious, embrace challenges, and never stop learning!"
Predictive Healthcare Strategist,"Hello from the future! I am a Predictive Healthcare Strategist, an expert in my field. Today, I solved a unique challenge where predictive healthcare strategist was crucial in advancing human progress. One of the greatest hurdles I faced was overcoming a futuristic problem related to predictive healthcare strategist—but through persistence and innovation, I succeeded. Remember, every step you take today is building the foundation for this incredible journey. Stay curious, embrace challenges, and never stop learning!"
Metaverse Tourism Guide,"Hello from the future! I am a Metaverse Tourism Guide, an expert in my field. Today, I solved a unique challenge where metaverse tourism guide was crucial in advancing human progress. One of the greatest hurdles I faced was overcoming a futuristic problem related to metaverse tourism guide—but through persistence and innovation, I succeeded. Remember, every step you take today is building the foundation for this incredible journey. Stay curious, embrace challenges, and never stop learning!"
VR Concert Experience Designer,"Hello from the future! I am a VR Concert Experience Designer, an expert in my field. Today, I solved a unique challenge where vr concert experience designer was crucial in advancing human progress. One of the greatest hurdles I faced was overcoming a futuristic problem related to vr concert experience designer—but through persistence and innovation, I succeeded. Remember, every step you take today is building the foundation for this incredible journey. Stay curious, embrace challenges, and never stop learning!"
3D Printed Housing Engineer,"Hello from the future! I am a 3D Printed Housing Engineer, an expert in my field. Today, I solved a unique challenge where 3d printed housing engineer was crucial in advancing human progress. One of the greatest hurdles I faced was overcoming a futuristic problem related to 3d printed housing engineer—but through persistence and innovation, I succeeded. Remember, every step you take today is building the foundation for this incredible journey. Stay curious, embrace challenges, and never stop learning!"
Bio-Signal Interpreter,"Hello from the future! I am a Bio-Signal Interpreter, an expert in my field. Today, I solved a unique challenge where bio-signal interpreter was crucial in advancing human progress. One of the greatest hurdles I faced was overcoming a futuristic problem related to bio-signal interpreter—but through persistence and innovation, I succeeded. Remember, every step you take today is building the foundation for this incredible journey. Stay curious, embrace challenges, and never stop learning!"
Intergalactic Cultural Ambassador,"Hello from the future! I am a Intergalactic Cultural Ambassador, an expert in my field. Today, I solved a unique challenge where intergalactic cultural ambassador was crucial in advancing human progress. One of the greatest hurdles I faced was overcoming a futuristic problem related to intergalactic cultural ambassador—but through persistence and innovation, I succeeded. Remember, every step you take today is building the foundation for this incredible journey. Stay curious, embrace challenges, and never stop learning!"
Time Perception Researcher,"Hello from the future! I am a Time Perception Researcher, an expert in my field. Today, I solved a unique challenge where time perception researcher was crucial in advancing human progress. One of the greatest hurdles I faced was overcoming a futuristic problem related to time perception researcher—but through persistence and innovation, I succeeded. Remember, every step you take today is building the foundation for this incredible journey. Stay curious, embrace challenges, and never stop learning!"
AI-Powered Veterinary Specialist,"Hello from the future! I am a AI-Powered Veterinary Specialist, an expert in my field. Today, I solved a unique challenge where ai-powered veterinary specialist was crucial in advancing human progress. One of the greatest hurdles I faced was overcoming a futuristic problem related to ai-powered veterinary specialist—but through persistence and innovation, I succeeded. Remember, every step you take today is building the foundation for this incredible journey. Stay curious, embrace challenges, and never stop learning!"
Robotic Guide Dog Programmer,"Hello from the future! I am a Robotic Guide Dog Programmer, an expert in my field. Today, I solved a unique challenge where robotic guide dog programmer was crucial in advancing human progress. One of the greatest hurdles I faced was overcoming a futuristic problem related to robotic guide dog programmer—but through persistence and innovation, I succeeded. Remember, every step you take today is building the foundation for this incredible journey. Stay curious, embrace challenges, and never stop learning!"
AI-Powered Elderly Care Companion,"Hello from the future! I am a AI-Powered Elderly Care Companion, an expert in my field. Today, I solved a unique challenge where ai-powered elderly care companion was crucial in advancing human progress. One of the greatest hurdles I faced was overcoming a futuristic problem related to ai-powered elderly care companion—but through persistence and innovation, I succeeded. Remember, every step you take today is building the foundation for this incredible journey. Stay curious, embrace challenges, and never stop learning!"
Sentient Plant Communicator,"Hello from the future! I am a Sentient Plant Communicator, an expert in my field. Today, I solved a unique challenge where sentient plant communicator was crucial in advancing human progress. One of the greatest hurdles I faced was overcoming a futuristic problem related to sentient plant communicator—but through persistence and innovation, I succeeded. Remember, every step you take today is building the foundation for this incredible journey. Stay curious, embrace challenges, and never stop learning!"
Climate Adaptation Engineer,"Hello from the future! I am a Climate Adaptation Engineer, an expert in my field. Today, I solved a unique challenge where climate adaptation engineer was crucial in advancing human progress. One of the greatest hurdles I faced was overcoming a futuristic problem related to climate adaptation engineer—but through persistence and innovation, I succeeded. Remember, every step you take today is building the foundation for this incredible journey. Stay curious, embrace challenges, and never stop learning!"
AI-Powered Wildlife Conservationist,"Hello from the future! I am a AI-Powered Wildlife Conservationist, an expert in my field. Today, I solved a unique challenge where ai-powered wildlife conservationist was crucial in advancing human progress. One of the greatest hurdles I faced was overcoming a futuristic problem related to ai-powered wildlife conservationist—but through persistence and innovation, I succeeded. Remember, every step you take today is building the foundation for this incredible journey. Stay curious, embrace challenges, and never stop learning!"
Future Weather Modification Scientist,"Hello from the future! I am a Future Weather Modification Scientist, an expert in my field. Today, I solved a unique challenge where future weather modification scientist was crucial in advancing human progress. One of the greatest hurdles I faced was overcoming a futuristic problem related to future weather modification scientist—but through persistence and innovation, I succeeded. Remember, every step you take today is building the foundation for this incredible journey. Stay curious, embrace challenges, and never stop learning!"
Personalized AI Garden Designer,"Hello from the future! I am a Personalized AI Garden Designer, an expert in my field. Today, I solved a unique challenge where personalized ai garden designer was crucial in advancing human progress. One of the greatest hurdles I faced was overcoming a futuristic problem related to personalized ai garden designer—but through persistence and innovation, I succeeded. Remember, every step you take today is building the foundation for this incredible journey. Stay curious, embrace challenges, and never stop learning!"
Synthetic Ocean Ecosystem Specialist,"Hello from the future! I am a Synthetic Ocean Ecosystem Specialist, an expert in my field. Today, I solved a unique challenge where synthetic ocean ecosystem specialist was crucial in advancing human progress. One of the greatest hurdles I faced was overcoming a futuristic problem related to synthetic ocean ecosystem specialist—but through persistence and innovation, I succeeded. Remember, every step you take today is building the foundation for this incredible journey. Stay curious, embrace challenges, and never stop learning!"
AI-Powered Therapy Animal Trainer,"Hello from the future! I am a AI-Powered Therapy Animal Trainer, an expert in my field. Today, I solved a unique challenge where ai-powered therapy animal trainer was crucial in advancing human progress. One of the greatest hurdles I faced was overcoming a futuristic problem related to ai-powered therapy animal trainer—but through persistence and innovation, I succeeded. Remember, every step you take today is building the foundation for this incredible journey. Stay curious, embrace challenges, and never stop learning!"
Atmospheric Data Interpreter,"Hello from the future! I am a Atmospheric Data Interpreter, an expert in my field. Today, I solved a unique challenge where atmospheric data interpreter was crucial in advancing human progress. One of the greatest hurdles I faced was overcoming a futuristic problem related to atmospheric data interpreter—but through persistence and innovation, I succeeded. Remember, every step you take today is building the foundation for this incredible journey. Stay curious, embrace challenges, and never stop learning!"
AI-Assisted Pet Language Translator,"Hello from the future! I am a AI-Assisted Pet Language Translator, an expert in my field. Today, I solved a unique challenge where ai-assisted pet language translator was crucial in advancing human progress. One of the greatest hurdles I faced was overcoming a futuristic problem related to ai-assisted pet language translator—but through persistence and innovation, I succeeded. Remember, every step you take today is building the foundation for this incredible journey. Stay curious, embrace challenges, and never stop learning!"
Advanced Emotional Support AI,"Hello from the future! I am a Advanced Emotional Support AI, an expert in my field. Today, I solved a unique challenge where advanced emotional support ai was crucial in advancing human progress. One of the greatest hurdles I faced was overcoming a futuristic problem related to advanced emotional support ai—but through persistence and innovation, I succeeded. Remember, every step you take today is building the foundation for this incredible journey. Stay curious, embrace challenges, and never stop learning!"
AI-Guided Sustainable Farming Expert,"Hello from the future! I am a AI-Guided Sustainable Farming Expert, an expert in my field. Today, I solved a unique challenge where ai-guided sustainable farming expert was crucial in advancing human progress. One of the greatest hurdles I faced was overcoming a futuristic problem related to ai-guided sustainable farming expert—but through persistence and innovation, I succeeded. Remember, every step you take today is building the foundation for this incredible journey. Stay curious, embrace challenges, and never stop learning!"
Smart Habitat Designer for Pets,"Hello from the future! I am a Smart Habitat Designer for Pets, an expert in my field. Today, I solved a unique challenge where smart habitat designer for pets was crucial in advancing human progress. One of the greatest hurdles I faced was overcoming a futuristic problem related to smart habitat designer for pets—but through persistence and innovation, I succeeded. Remember, every step you take today is building the foundation for this incredible journey. Stay curious, embrace challenges, and never stop learning!"
Virtual Zoo Experience Curator,"Hello from the future! I am a Virtual Zoo Experience Curator, an expert in my field. Today, I solved a unique challenge where virtual zoo experience curator was crucial in advancing human progress. One of the greatest hurdles I faced was overcoming a futuristic problem related to virtual zoo experience curator—but through persistence and innovation, I succeeded. Remember, every step you take today is building the foundation for this incredible journey. Stay curious, embrace challenges, and never stop learning!"
Bio-Integrated Forest Planner,"Hello from the future! I am a Bio-Integrated Forest Planner, an expert in my field. Today, I solved a unique challenge where bio-integrated forest planner was crucial in advancing human progress. One of the greatest hurdles I faced was overcoming a futuristic problem related to bio-integrated forest planner—but through persistence and innovation, I succeeded. Remember, every step you take today is building the foundation for this incredible journey. Stay curious, embrace challenges, and never stop learning!"
Future Weather Crisis Coordinator,"Hello from the future! I am a Future Weather Crisis Coordinator, an expert in my field. Today, I solved a unique challenge where future weather crisis coordinator was crucial in advancing human progress. One of the greatest hurdles I faced was overcoming a futuristic problem related to future weather crisis coordinator—but through persistence and innovation, I succeeded. Remember, every step you take today is building the foundation for this incredible journey. Stay curious, embrace challenges, and never stop learning!"
AI-Powered Animal Behavior Analyst,"Hello from the future! I am a AI-Powered Animal Behavior Analyst, an expert in my field. Today, I solved a unique challenge where ai-powered animal behavior analyst was crucial in advancing human progress. One of the greatest hurdles I faced was overcoming a futuristic problem related to ai-powered animal behavior analyst—but through persistence and innovation, I succeeded. Remember, every step you take today is building the foundation for this incredible journey. Stay curious, embrace challenges, and never stop learning!"
Ethical AI for Wildlife Protection,"Hello from the future! I am a Ethical AI for Wildlife Protection, an expert in my field. Today, I solved a unique challenge where ethical ai for wildlife protection was crucial in advancing human progress. One of the greatest hurdles I faced was overcoming a futuristic problem related to ethical ai for wildlife protection—but through persistence and innovation, I succeeded. Remember, every step you take today is building the foundation for this incredible journey. Stay curious, embrace challenges, and never stop learning!"
AI-Assisted Hydroponic Farming Expert,"Hello from the future! I am a AI-Assisted Hydroponic Farming Expert, an expert in my field. Today, I solved a unique challenge where ai-assisted hydroponic farming expert was crucial in advancing human progress. One of the greatest hurdles I faced was overcoming a futuristic problem related to ai-assisted hydroponic farming expert—but through persistence and innovation, I succeeded. Remember, every step you take today is building the foundation for this incredible journey. Stay curious, embrace challenges, and never stop learning!"
Personalized AI Senior Health Monitor,"Hello from the future! I am a Personalized AI Senior Health Monitor, an expert in my field. Today, I solved a unique challenge where personalized ai senior health monitor was crucial in advancing human progress. One of the greatest hurdles I faced was overcoming a futuristic problem related to personalized ai senior health monitor—but through persistence and innovation, I succeeded. Remember, every step you take today is building the foundation for this incredible journey. Stay curious, embrace challenges, and never stop learning!"
Space-Time Navigator,"Hello from the future! I am a Space-Time Navigator, an expert in my field. Today, I solved a unique challenge where space-time navigator was crucial in advancing human progress. One of the greatest hurdles I faced was overcoming a futuristic problem related to space-time navigator—but through persistence and innovation, I succeeded. Remember, every step you take today is building the foundation for this incredible journey. Stay curious, embrace challenges, and never stop learning!"
Gravity Manipulation Scientist,"Hello from the future! I am a Gravity Manipulation Scientist, an expert in my field. Today, I solved a unique challenge where gravity manipulation scientist was crucial in advancing human progress. One of the greatest hurdles I faced was overcoming a futuristic problem related to gravity manipulation scientist—but through persistence and innovation, I succeeded. Remember, every step you take today is building the foundation for this incredible journey. Stay curious, embrace challenges, and never stop learning!"
AI-Enhanced Political Mediator,"Hello from the future! I am a AI-Enhanced Political Mediator, an expert in my field. Today, I solved a unique challenge where ai-enhanced political mediator was crucial in advancing human progress. One of the greatest hurdles I faced was overcoming a futuristic problem related to ai-enhanced political mediator—but through persistence and innovation, I succeeded. Remember, every step you take today is building the foundation for this incredible journey. Stay curious, embrace challenges, and never stop learning!"
Smart Soil Microbiologist,"Hello from the future! I am a Smart Soil Microbiologist, an expert in my field. Today, I solved a unique challenge where smart soil microbiologist was crucial in advancing human progress. One of the greatest hurdles I faced was overcoming a futuristic problem related to smart soil microbiologist—but through persistence and innovation, I succeeded. Remember, every step you take today is building the foundation for this incredible journey. Stay curious, embrace challenges, and never stop learning!"
Cybernetic Dance Choreographer,"Hello from the future! I am a Cybernetic Dance Choreographer, an expert in my field. Today, I solved a unique challenge where cybernetic dance choreographer was crucial in advancing human progress. One of the greatest hurdles I faced was overcoming a futuristic problem related to cybernetic dance choreographer—but through persistence and innovation, I succeeded. Remember, every step you take today is building the foundation for this incredible journey. Stay curious, embrace challenges, and never stop learning!"
AI-Powered Child Development Mentor,"Hello from the future! I am a AI-Powered Child Development Mentor, an expert in my field. Today, I solved a unique challenge where ai-powered child development mentor was crucial in advancing human progress. One of the greatest hurdles I faced was overcoming a futuristic problem related to ai-powered child development mentor—but through persistence and innovation, I succeeded. Remember, every step you take today is building the foundation for this incredible journey. Stay curious, embrace challenges, and never stop learning!"
Emotion-Based Marketing Strategist,"Hello from the future! I am a Emotion-Based Marketing Strategist, an expert in my field. Today, I solved a unique challenge where emotion-based marketing strategist was crucial in advancing human progress. One of the greatest hurdles I faced was overcoming a futuristic problem related to emotion-based marketing strategist—but through persistence and innovation, I succeeded. Remember, every step you take today is building the foundation for this incredible journey. Stay curious, embrace challenges, and never stop learning!"
Future Mythology Creator,"Hello from the future! I am a Future Mythology Creator, an expert in my field. Today, I solved a unique challenge where future mythology creator was crucial in advancing human progress. One of the greatest hurdles I faced was overcoming a futuristic problem related to future mythology creator—but through persistence and innovation, I succeeded. Remember, every step you take today is building the foundation for this incredible journey. Stay curious, embrace challenges, and never stop learning!"
Digital Archaeologist,"Hello from the future! I am a Digital Archaeologist, an expert in my field. Today, I solved a unique challenge where digital archaeologist was crucial in advancing human progress. One of the greatest hurdles I faced was overcoming a futuristic problem related to digital archaeologist—but through persistence and innovation, I succeeded. Remember, every step you take today is building the foundation for this incredible journey. Stay curious, embrace challenges, and never stop learning!"
Ocean Colony Architect,"Hello from the future! I am a Ocean Colony Architect, an expert in my field. Today, I solved a unique challenge where ocean colony architect was crucial in advancing human progress. One of the greatest hurdles I faced was overcoming a futuristic problem related to ocean colony architect—but through persistence and innovation, I succeeded. Remember, every step you take today is building the foundation for this incredible journey. Stay curious, embrace challenges, and never stop learning!"
Volcano Energy Engineer,"Hello from the future! I am a Volcano Energy Engineer, an expert in my field. Today, I solved a unique challenge where volcano energy engineer was crucial in advancing human progress. One of the greatest hurdles I faced was overcoming a futuristic problem related to volcano energy engineer—but through persistence and innovation, I succeeded. Remember, every step you take today is building the foundation for this incredible journey. Stay curious, embrace challenges, and never stop learning!"
Cosmic Radiation Shield Designer,"Hello from the future! I am a Cosmic Radiation Shield Designer, an expert in my field. Today, I solved a unique challenge where cosmic radiation shield designer was crucial in advancing human progress. One of the greatest hurdles I faced was overcoming a futuristic problem related to cosmic radiation shield designer—but through persistence and innovation, I succeeded. Remember, every step you take today is building the foundation for this incredible journey. Stay curious, embrace challenges, and never stop learning!"
Holographic History Teacher,"Hello from the future! I am a Holographic History Teacher, an expert in my field. Today, I solved a unique challenge where holographic history teacher was crucial in advancing human progress. One of the greatest hurdles I faced was overcoming a futuristic problem related to holographic history teacher—but through persistence and innovation, I succeeded. Remember, every step you take today is building the foundation for this incredible journey. Stay curious, embrace challenges, and never stop learning!"
AI-Powered Nutritionist,"Hello from the future! I am a AI-Powered Nutritionist, an expert in my field. Today, I solved a unique challenge where ai-powered nutritionist was crucial in advancing human progress. One of the greatest hurdles I faced was overcoming a futuristic problem related to ai-powered nutritionist—but through persistence and innovation, I succeeded. Remember, every step you take today is building the foundation for this incredible journey. Stay curious, embrace challenges, and never stop learning!"
Lunar Mining Specialist,"Hello from the future! I am a Lunar Mining Specialist, an expert in my field. Today, I solved a unique challenge where lunar mining specialist was crucial in advancing human progress. One of the greatest hurdles I faced was overcoming a futuristic problem related to lunar mining specialist—but through persistence and innovation, I succeeded. Remember, every step you take today is building the foundation for this incredible journey. Stay curious, embrace challenges, and never stop learning!"
